title,company,category,days_since_posted,location,url,region,posted_date
AI Automation Expert,Contra,Full Stack Programming,0,"San Francisco, CA",https://weworkremotely.com/company/contra,US,2025-05-15
Remote Full-Stack TypeScript Engineer,Glama,Full Stack Programming,0,"Miami, FL",https://weworkremotely.com/company/glama,US,2025-05-15
Senior React Full-stack Developer,Lemon.io,Full Stack Programming,0,"New York, NY",https://weworkremotely.com/company/lemon-io,US,2025-05-15
PHP Full-Stack Developer,OnTheGoSystems,Full Stack Programming,2,100% remote,https://weworkremotely.com/company/onthegosystems,Remote,2025-05-13
RoR Full-Stack Developer,OnTheGoSystems,Full Stack Programming,2,100% remote,https://weworkremotely.com/company/onthegosystems,Remote,2025-05-13
Software Design Engineer,Elite Software Automation,Full Stack Programming,8,Virtual,https://weworkremotely.com/company/elite-software-automation,Remote,2025-05-07
Framer Expert,Contra,Full Stack Programming,9,"San Francisco, CA",https://weworkremotely.com/company/contra,US,2025-05-06
Senior Software Engineer,Contra,Full Stack Programming,14,"San Francisco, CA",https://weworkremotely.com/company/contra,US,2025-05-01
AI Automation Specialist,Contra,Full Stack Programming,16,"San Francisco, CA",https://weworkremotely.com/company/contra,US,2025-04-29
Laravel/VueJS Developer for Scalable Call Center CRM Platform,OnQueCRM,Full Stack Programming,18,"Miami, FL",https://weworkremotely.com/company/onquecrm,US,2025-04-27
Senior Software Engineer,Intellisync,Full Stack Programming,0,"Acireale, Italy",https://weworkremotely.com/company/intellisync,Europe,2025-05-15
Internet of Things Technical Lead,Sanctuary Computer,Full Stack Programming,0,New York City,https://weworkremotely.com/company/sanctuary-computer,US,2025-05-15
Senior Full-Stack Software Engineer,Clipp.com,Full Stack Programming,0,"St. Petersburg, FL",https://weworkremotely.com/company/clipp-com,US,2025-05-15
"Hybrid remote with travel Safety, Reliability, and Quality Assur with Security Clearance",Associates Systems LLC,Full Stack Programming,1,Texas,https://weworkremotely.com/company/associates-systems-llc,US,2025-05-14
Senior Full Stack Developer,Rivora,Full Stack Programming,2,Los Angeles,https://weworkremotely.com/company/rivora,US,2025-05-13
Senior Independent Software Developer ($90-$170/hr),A.Team,Full Stack Programming,3,"NYC, SF, and TLV",https://weworkremotely.com/company/a-team,US,2025-05-12
Senior Full Stack Engineer (ClientOps + Applied AI),GrowthX,Full Stack Programming,3,San Francisco,https://weworkremotely.com/company/growthx,US,2025-05-12
Remote CCNA Network Security Engineer - Secret with Security Clearance,Associates Systems LLC,Full Stack Programming,4,Pennsylvania,https://weworkremotely.com/company/associates-systems-llc,US,2025-05-11
Sr Design Engineer- Remote with Security Clearance,Associates Systems LLC,Full Stack Programming,4,New Jersey,https://weworkremotely.com/company/associates-systems-llc,US,2025-05-11
Remote Palantir Foundry developer- US citizen or Green card with Security Clearance,Associates Systems LLC,Full Stack Programming,4,Florida,https://weworkremotely.com/company/associates-systems-llc,US,2025-05-11
Staff Software Engineer,Murmuration,Full Stack Programming,4,Remote,https://weworkremotely.com/company/murmuration,Remote,2025-05-11
Remote Palantir Foundry developer- US citizen or Green card with Security Clearance,Associates Systems LLC,Full Stack Programming,5,Florida,https://weworkremotely.com/remote-jobs/associates-systems-llc-remote-palantir-foundry-developer-us-citizen-or-green-card-with-security-clearance,US,2025-05-10
Remote CCNA Network Security Engineer - Secret with Security Clearance,Associates Systems LLC,Full Stack Programming,5,Pennsylvania,https://weworkremotely.com/remote-jobs/associates-systems-llc-remote-ccna-network-security-engineer-secret-with-security-clearance,US,2025-05-10
EVM Analyst / Scheduler- Remote DOD Secret with Security Clearance,Associates Systems LLC,Full Stack Programming,5,Alabama,https://weworkremotely.com/company/associates-systems-llc,US,2025-05-10
Javascript Fullstack Engineer - Senior,Lumenalta,Full Stack Programming,6,New York,https://weworkremotely.com/company/lumenalta,US,2025-05-09
Experienced Full-stack Developer,Sanctuary Computer,Full Stack Programming,7,New York City,https://weworkremotely.com/company/sanctuary-computer,US,2025-05-08
Full-Stack Engineer,Shotstack,Full Stack Programming,7,"Sydney, Australia",https://weworkremotely.com/company/shotstack,US,2025-05-08
Senior Shopify Developer (Remote + Flexible),Storetasker,Full Stack Programming,7,"Brooklyn, NY",https://weworkremotely.com/company/storetasker,US,2025-05-08
Senior Backend Engineer,Elevate Labs,Full Stack Programming,8,Fully Remote,https://weworkremotely.com/company/elevate-labs,Remote,2025-05-07
Fullstack Software Engineer - Brazil,Commure - Brazil,Full Stack Programming,8,Rio de Janeiro,https://weworkremotely.com/company/commure-brazil,South America,2025-05-07
Senior Full-Stack Developer,Monadical,Full Stack Programming,8,Montreal,https://weworkremotely.com/company/monadical,North America ex. US,2025-05-07
Full Stack JavaScript Developer,Checkout Page,Full Stack Programming,10,Remote,https://weworkremotely.com/company/checkout-page,Remote,2025-05-05
Consultant (Form.io Expert) — Potential PM Role,"Orbital Installation Technologies, LLC.",Full Stack Programming,14,"Indiana, USA",https://weworkremotely.com/company/orbital-installation-technologies-llc,US,2025-05-01
Software Engineer,SH:24 CIC,Full Stack Programming,14,London,https://weworkremotely.com/company/sh-24-cic,Europe,2025-05-01
Senior Java Developer - 100% remote (m/w/d),42matches GmbH,Full Stack Programming,16,Germany Hamburg,https://weworkremotely.com/company/42matches-gmbh,Europe,2025-04-29
Low-Ego • High-Impact Developer / Systems Architect,The Humble Hackers,Full Stack Programming,16,The Internet,https://weworkremotely.com/company/the-humble-hackers,Remote,2025-04-29
"Software Engineer (Frontend, Backend, or Full stack)",Subscript,Full Stack Programming,20,"Oakland, California, United States",https://weworkremotely.com/company/subscript,US,2025-04-25
Senior Software Engineer - GoLang,Platform Engineering Labs,Full Stack Programming,20,New York,https://weworkremotely.com/company/platform-engineering-labs,US,2025-04-25
Full Stack AI Software Engineer,SlideSpeak,Full Stack Programming,20,"London, UK",https://weworkremotely.com/company/slidespeak,Europe,2025-04-25
Software Engineering Manager,DistroKid,Full Stack Programming,21,NYC,https://weworkremotely.com/company/distrokid,US,2025-04-24
Senior Full Stack Engineer,SIGMA Assessment Systems,Full Stack Programming,22,"London, ON Canada",https://weworkremotely.com/company/sigma-assessment-systems,North America ex. US,2025-04-23
Senior Full Stack Developer,AuthentifyIt,Full Stack Programming,22,Brussels,https://weworkremotely.com/company/authentifyit,US,2025-04-23
Webflow Developer,Contra,Full Stack Programming,23,"San Francisco, CA",https://weworkremotely.com/company/contra,US,2025-04-22
"Remote C# .NET Developer (WinForms, Trading Platform) – Exceptional Talent Wanted",Jigsaw Trading Limited,Full Stack Programming,23,Hong Kong,https://weworkremotely.com/company/jigsaw-trading-limited,Asia,2025-04-22
Senior Full Stack Engineer (Ruby on Rails/React),Learning Tapestry,Full Stack Programming,24,United States,https://weworkremotely.com/company/learning-tapestry,US,2025-04-21
Full-Stack Developer,Officials Management Systems,Full Stack Programming,24,"Spring, TX",https://weworkremotely.com/company/officials-management-systems,US,2025-04-21
"Sr. Software Engineer, Simulation",CodeSignal,Full Stack Programming,24,San Francisco,https://weworkremotely.com/company/codesignal,US,2025-04-21
Senior Full-Stack Developer,Lidamus,Full Stack Programming,27,"Madeira, Portugal",https://weworkremotely.com/company/lidamus,Europe,2025-04-18
Freelance- Senior Shopify full stack developer,Orca International,Full Stack Programming,27,Switzerland,https://weworkremotely.com/company/orca-international,Europe,2025-04-18
Senior Developer,Tiding Health,Full Stack Programming,27,"Phoenix, AZ",https://weworkremotely.com/company/tiding-health,US,2025-04-18
Staff Software Engineer,BaxEnergy,Full Stack Programming,28,"Acireale, Italy",https://weworkremotely.com/company/baxenergy,Europe,2025-04-17
Senior PHP Engineer,MailerLite,Full Stack Programming,28,USA,https://weworkremotely.com/company/mailerlite,US,2025-04-17
Full Stack Javascript Developer (Shape Up + Small team),Inovo Studios,Full Stack Programming,29,"Nashville, TN",https://weworkremotely.com/company/inovo-studios,US,2025-04-16
Senior React Front End Developer (Latin America),Lyfeplan LLC,Front End Programming,0,"Greenwich, CT",https://weworkremotely.com/company/lyfeplan-llc,US,2025-05-15
Senior React Native Developer,Proxify AB,Front End Programming,6,Sweden,https://weworkremotely.com/company/proxify-ab,Europe,2025-05-09
Senior Mobile Engineer,Maharishi Foundation International,Front End Programming,8,Remote,https://weworkremotely.com/company/maharishi-foundation-international,Remote,2025-05-07
Freelance Web Designer,Reedsy,Front End Programming,9,Australia,https://weworkremotely.com/company/reedsy,US,2025-05-06
Linux System Engineer (M/W/D),Anexia Internetdienstleistungs,Front End Programming,9,Austria,https://weworkremotely.com/company/anexia-internetdienstleistungs,US,2025-05-06
Senior Android App Developer,CLOUDWIND NETWORK COMPANY LIMITED,Front End Programming,20,"Ho Chi Minh, Vietnam",https://weworkremotely.com/company/cloudwind-network-company-limited,Asia,2025-04-25
Senior Front End Developer,Missive,Front End Programming,23,"Quebec city, Canada",https://weworkremotely.com/company/missive,North America ex. US,2025-04-22
Senior Software Engineer - Frontend/React - USA Only (100% Remote),Close,Front End Programming,30,USA,https://weworkremotely.com/company/close,US,2025-04-15
Mid-Senior Rails Systems Monitoring & Quality Assurance,WebPunch,Back End Programming,3,"Denver, CO",https://weworkremotely.com/company/webpunch,US,2025-05-12
Senior Symfony Developer,Proxify AB,Back End Programming,6,Sweden,https://weworkremotely.com/company/proxify-ab,Europe,2025-05-09
Senior Shopify Developer,Proxify AB,Back End Programming,6,Sweden,https://weworkremotely.com/company/proxify-ab,Europe,2025-05-09
Senior Laravel Developer,Proxify AB,Back End Programming,6,Sweden,https://weworkremotely.com/company/proxify-ab,Europe,2025-05-09
Senior Ruby on Rails Developer,Proxify AB,Back End Programming,6,Sweden,https://weworkremotely.com/company/proxify-ab,Europe,2025-05-09
Backend Developer,Walter,Back End Programming,12,Remote,https://weworkremotely.com/company/walter,Remote,2025-05-03
Senior Backend Engineer (Toggl Hire),Toggl,Back End Programming,20,"Tallinn, Estonia",https://weworkremotely.com/company/toggl,Europe,2025-04-25
"Senior Software Engineer (Backend, Native Android or iOS)",Sanctuary Computer,Back End Programming,1,New York City,https://weworkremotely.com/company/sanctuary-computer,US,2025-05-14
Cloud Software Engineer,WiSNAM srl,Back End Programming,3,"Via Sclafani, 40D, 95024 Acireale CT, Italy",https://weworkremotely.com/company/wisnam-srl,Europe,2025-05-12
Backend Developer (C# & .NET),Truestory,Back End Programming,6,"Aarhus, Denmark",https://weworkremotely.com/company/truestory,US,2025-05-09
"Senior Software Engineer, Microsoft Dynamics 365 BC Developer",NaviPartner,Back End Programming,7,"Copenhagen, Denmark",https://weworkremotely.com/company/navipartner,Europe,2025-05-08
Engineering Technical Lead - Node.js - EMEA,Hostaway Opco Oy,Back End Programming,13,Finland,https://weworkremotely.com/company/hostaway-opco-oy,Europe,2025-05-02
Experienced Ruby Engineer - Product Team,Silverfin,Back End Programming,15,"Gent, Belgium",https://weworkremotely.com/company/silverfin,Europe,2025-04-30
Team Lead - Product Engineering Team,Silverfin,Back End Programming,15,"Gent, Belgium",https://weworkremotely.com/company/silverfin,Europe,2025-04-30
Senior Full-Stack JavaScript Engineer,BrandChamp,Back End Programming,15,US Virgin Islands,https://weworkremotely.com/company/brandchamp,US,2025-04-30
Senior Software Engineer,Semaphore,Back End Programming,15,Novi Sad,https://weworkremotely.com/company/semaphore,Europe,2025-04-30
Candidate Pool - United States & Canada,Classy Llama,Back End Programming,15,Remote,https://weworkremotely.com/company/classy-llama,Remote,2025-04-30
Senior Backend Engineer,Proton.ai,Back End Programming,22,"Cambridge, MA",https://weworkremotely.com/company/proton-ai,US,2025-04-23
Senior Software Engineer - Backend/Python - USA Only (100% Remote),Close,Back End Programming,26,USA,https://weworkremotely.com/company/close,US,2025-04-19
Back-End Developer,Winna.com,Back End Programming,29,London,https://weworkremotely.com/company/winna-com,Europe,2025-04-16
Backend / Search Engineer,Bitrefill,Back End Programming,30,Stockholm,https://weworkremotely.com/company/bitrefill,Europe,2025-04-15
Canva Designer,Contra,Design,0,"San Francisco, CA",https://weworkremotely.com/company/contra,US,2025-05-15
Digital Marketing Lead,Contra,Design,0,"San Francisco, CA",https://weworkremotely.com/company/contra,US,2025-05-15
Brand Designer,Contra,Design,0,"San Francisco, CA",https://weworkremotely.com/company/contra,US,2025-05-15
Sales Development Rep,Walter,Design,2,Remote,https://weworkremotely.com/company/walter,Remote,2025-05-13
No Code Developer,Contra,Design,9,"San Francisco, CA",https://weworkremotely.com/company/contra,US,2025-05-06
Web Designer (Framer),Contra,Design,16,"San Francisco, CA",https://weworkremotely.com/company/contra,US,2025-04-29
UI/UX Designer,Files.com,Design,24,"Scottsdale, AZ",https://weworkremotely.com/company/files-com,US,2025-04-21
Entry Level Sales Agent - Chat Only - Side Hustle,Used Conex LLC,Design,25,"Tampa, FL",https://weworkremotely.com/company/used-conex-llc,US,2025-04-20
Graphic Designer/Social Media Manager,BBE Marketing Inc,Design,3,"Hurst, TX",https://weworkremotely.com/company/bbe-marketing-inc,US,2025-05-12
Design Engineer (Senior to Principal),GrowthX,Design,7,San Francisco,https://weworkremotely.com/company/growthx,US,2025-05-08
UI/UX Designer,Spiralyze,Design,14,"Atlanta, Georgia",https://weworkremotely.com/company/spiralyze,US,2025-05-01
Part-time UI/UX Designer,Semaphore,Design,18,Novi Sad,https://weworkremotely.com/company/semaphore,Europe,2025-04-27
Brand Designer,Contra,Design,23,"San Francisco, CA",https://weworkremotely.com/company/contra,US,2025-04-22
Senior UX Engineer,Freedom of the Press Foundation,Design,29,"Brooklyn, New York",https://weworkremotely.com/company/freedom-of-the-press-foundation,US,2025-04-16
Senior DevOps Engineer (Azure),Proxify AB,DevOps and Sysadmin,6,Sweden,https://weworkremotely.com/company/proxify-ab,Europe,2025-05-09
DevOps Engineer,Paymentology,DevOps and Sysadmin,16,London,https://weworkremotely.com/company/paymentology,Europe,2025-04-29
Golang Engineer,Canonical,DevOps and Sysadmin,23,London,https://weworkremotely.com/company/canonical,Europe,2025-04-22
Senior DevOps Engineer,Clipp.com,DevOps and Sysadmin,0,"St. Petersburg, FL",https://weworkremotely.com/company/clipp-com,US,2025-05-15
System and Network Administrator,IVPN,DevOps and Sysadmin,9,Gibraltar,https://weworkremotely.com/company/ivpn,Europe,2025-05-06
Project coordinator,Sana Vita Operations LLC,DevOps and Sysadmin,19,Austin Texas,https://weworkremotely.com/company/sana-vita-operations-llc,US,2025-04-26
Senior Site Reliability Engineer,BaxEnergy,DevOps and Sysadmin,23,"Acireale, Italy",https://weworkremotely.com/company/baxenergy,Europe,2025-04-22
Business Operations Manager:in,Cleanskin Betriebs GmbH,Management and Finance,1,Germany Munich,https://weworkremotely.com/company/cleanskin-betriebs-gmbh,Europe,2025-05-14
Freelance Project Manager (Marketing Websites / WordPress),TELL ME MORE®,Management and Finance,8,"San Juan, Puerto Rico",https://weworkremotely.com/company/tell-me-more,South America,2025-05-07
Collections Account Manager,Clipboard Health,Management and Finance,9,California,https://weworkremotely.com/company/clipboard-health,US,2025-05-06
Scalability Analytics Lead,Instacart,Management and Finance,23,San Francisco USA,https://weworkremotely.com/company/instacart,US,2025-04-22
Security Technical Program Manager,Abnormal Security,Management and Finance,24,San Francisco USA,https://weworkremotely.com/company/abnormal-security,US,2025-04-21
Implementation Manager,Cresta,Management and Finance,24,California USA,https://weworkremotely.com/company/cresta,US,2025-04-21
Acquisition Specialist,Pie Insurance,Management and Finance,24,"Colorado, USA",https://weworkremotely.com/company/pie-insurance,US,2025-04-21
"Actuarial Manager, Pricing",DoorDash,Management and Finance,24,San Francisco USA,https://weworkremotely.com/company/doordash,US,2025-04-21
Project Manager (Agency Experience Required),ContentJet Inc.,Management and Finance,1,"Montreal, Canada",https://weworkremotely.com/company/contentjet-inc,North America ex. US,2025-05-14
SENIOR ACCOUNTANT (REMOTE),blinc,Management and Finance,5,"Delray Beach, Florida",https://weworkremotely.com/company/blinc,US,2025-05-10
Stock & Option Trader at Maverick Trading,Maverick Trading,Management and Finance,9,"Salt Lake City, UT, USA",https://weworkremotely.com/company/maverick-trading,US,2025-05-06
Director of Finance and Operations,Talkpush,Management and Finance,12,Ireland,https://weworkremotely.com/company/talkpush,Europe,2025-05-03
Project/Product Manager,Spiralyze,Management and Finance,14,"Atlanta, Georgia",https://weworkremotely.com/company/spiralyze,US,2025-05-01
IFRS Accountant with Multiple Jurisdiction Experience,Flag Theory,Management and Finance,16,Remote,https://weworkremotely.com/company/flag-theory,Remote,2025-04-29
Marketing Automation SaaS + Services Line of Business Owner,New Law Business Model,Management and Finance,18,"Boulder, CO",https://weworkremotely.com/company/new-law-business-model,US,2025-04-27
Forex / Cryptocurrency Trader,Maverick Trading,Management and Finance,18,"Salt Lake City, UT, USA",https://weworkremotely.com/company/maverick-trading,US,2025-04-27
Financial Controller (Part Time),Sanctuary Computer/ garden3d,Management and Finance,24,New York City,https://weworkremotely.com/company/sanctuary-computer-garden3d,US,2025-04-21
Business Analyst,Elite Software Automation,Management and Finance,27,Virtual,https://weworkremotely.com/company/elite-software-automation,Remote,2025-04-18
Finance Coordinator,ORCID,Management and Finance,28,"Bethesda, MD",https://weworkremotely.com/company/orcid,US,2025-04-17
Senior Technical Product Manager,Tether,Product,4,El Salvador,https://weworkremotely.com/company/tether,North America ex. US,2025-05-11
Senior Product Manager,Toggl,Product,14,"Tallinn, Estonia",https://weworkremotely.com/company/toggl,Europe,2025-05-01
Head of Product,Toggl,Product,22,"Tallinn, Estonia",https://weworkremotely.com/company/toggl,Europe,2025-04-23
Senior Independent Product Manager/Product Designer ($90-$170/hr),A.Team,Product,3,"NYC, SF, and TLV",https://weworkremotely.com/company/a-team,US,2025-05-12
Technical Writer,BaxEnergy,Product,4,"Acireale, Italy",https://weworkremotely.com/company/baxenergy,Europe,2025-05-11
Chief Digital & Technology Officer,Kazar Group S.A.,Product,20,"Warsaw, Poland",https://weworkremotely.com/company/kazar-group-s-a,Europe,2025-04-25
Senior UX Designer,Leadsnap,Product,20,"Las Vegas, NV",https://weworkremotely.com/company/leadsnap,US,2025-04-25
QA Analyst,Wealthbox CRM,Product,30,Remote,https://weworkremotely.com/company/wealthbox-crm,Remote,2025-04-15
Support Specialist at Journalism/Transparency Non-Profit,MuckRock Foundation,Customer Support,3,"Boston, MA",https://weworkremotely.com/company/muckrock-foundation,US,2025-05-12
Amazing customer support job,Cliniko,Customer Support,7,"Melbourne, Australia.",https://weworkremotely.com/company/cliniko,US,2025-05-08
"Chat Support Agent (Remote) - Entry Level, No Degree Required - 15 - 18 per Hour",NoGigiddy,Customer Support,9,"Atlanta, Georgia",https://weworkremotely.com/company/nogigiddy,US,2025-05-06
"Business Analyst, Customer Experience",Affirm,Customer Support,14,"San Francisco, California, United States",https://weworkremotely.com/company/affirm,US,2025-05-01
Client Support Specialist (Healthcare Facilities - B2B),Clipboard Health,Customer Support,16,California,https://weworkremotely.com/company/clipboard-health,US,2025-04-29
Virtual Assistants for a Personal Injury Law Firm - Customer Service and Sales Experience,The Ward Law Group,Customer Support,5,"Miami Lakes, FL",https://weworkremotely.com/company/the-ward-law-group,US,2025-05-10
Entry-Level Account Manager,NoGigiddy,Customer Support,9,"Atlanta, Georgia",https://weworkremotely.com/company/nogigiddy,US,2025-05-06
Remote Customer Success Specialist,NoGigiddy,Customer Support,9,"Atlanta, Georgia",https://weworkremotely.com/company/nogigiddy,US,2025-05-06
Remote Customer Service Rep Up to 19/hour - No Degree Needed,NoGigiddy,Customer Support,12,"Atlanta, Georgia",https://weworkremotely.com/company/nogigiddy,US,2025-05-03
"We're Hiring: Account Manager (Remote, Full-Time)",ContentJet Inc.,Customer Support,13,"Montreal, Canada",https://weworkremotely.com/company/contentjet-inc,North America ex. US,2025-05-02
Remote Sales & Appointment Coordinator (Window Tint Industry Experience Preferred),Choice Window Tint,Customer Support,14,"Greenwood, IN",https://weworkremotely.com/company/choice-window-tint,US,2025-05-01
Banco de Talentos | Desenvolvedor (a) Salesforce JR/PL/SR,Sottelli,Customer Support,16,"Campinas, São Paulo, Brazil",https://weworkremotely.com/company/sottelli,South America,2025-04-29
"SI Partner Sales, North America",Hightouch,Customer Support,16,(North America),https://weworkremotely.com/company/hightouch,North America ex. US,2025-04-29
Przedstawiciel Handlowy,Growton,Customer Support,16,Poland,https://weworkremotely.com/company/growton,Europe,2025-04-29
Senior Product Manager- Enterprise Governance,monday.com,Customer Support,16,"Tel Aviv-Yafo, Tel Aviv District, Israel",https://weworkremotely.com/company/monday-com,Middle East,2025-04-29
Mid Market Account Executive - Benelux,HubSpot,Customer Support,16,- Netherlands,https://weworkremotely.com/company/hubspot,Europe,2025-04-29
General Application,Bloomerang,Customer Support,17,"Remote, US",https://weworkremotely.com/company/bloomerang,US,2025-04-28
Visa Consultant (Customer Services and Operations),Rapid Documents Ltd,Customer Support,20,London,https://weworkremotely.com/company/rapid-documents-ltd,Europe,2025-04-25
Customer Service (Appointment Scheduler),Legacy Painting,Customer Support,21,"Lynnwood, Washington",https://weworkremotely.com/company/legacy-painting,US,2025-04-24
MS Dynamics CRM Technical Architect/ Project Lead,Hitachi Solutions,Customer Support,22,"Pune, India",https://weworkremotely.com/company/hitachi-solutions,Asia,2025-04-23
Staff Technical Lead,HubSpot,Customer Support,22,- Netherlands,https://weworkremotely.com/company/hubspot,Europe,2025-04-23
Territory Manager,Roofr,Customer Support,23,Remote: North Carolina,https://weworkremotely.com/company/roofr,US,2025-04-22
Real Estate CRM Manager - HubSpot (ZR_22009_JOB),BruntWork,Customer Support,27,"Sydney, Australia",https://weworkremotely.com/company/bruntwork,US,2025-04-18
Customer Support Specialist (PropTech | Remote | U.S. Excluded),Loop Support,Customer Support,28,San Francisco,https://weworkremotely.com/company/loop-support,US,2025-04-17
Account Executive Small Business Italy,HubSpot,Customer Support,29,- Netherlands,https://weworkremotely.com/company/hubspot,Europe,2025-04-16
"Associate Staff Engineer, CRM Dynamics",Nagarro,Customer Support,29,"Remote, India",https://weworkremotely.com/company/nagarro,Asia,2025-04-16
"Account Executive, Mid Market - Middle East",HubSpot,Customer Support,30,- Netherlands,https://weworkremotely.com/company/hubspot,Europe,2025-04-15
Remote Salesperson,Walter,Sales and Marketing,2,Remote,https://weworkremotely.com/company/walter,Remote,2025-05-13
Account Executive (USA Only),Close,Sales and Marketing,2,USA,https://weworkremotely.com/company/close,US,2025-05-13
"Account Executive, B2B",Community Phone,Sales and Marketing,3,Boston,https://weworkremotely.com/company/community-phone,US,2025-05-12
Sales representative,Pure moving & storage inc,Sales and Marketing,6,"Los Angeles, CA USA",https://weworkremotely.com/company/pure-moving-storage-inc,US,2025-05-09
Senior Content Marketer,Animalz,Sales and Marketing,6,"San Diego, California",https://weworkremotely.com/company/animalz,US,2025-05-09
Direct Response Email Marketing Strategist,6 Figure Creative,Sales and Marketing,9,"Nashville, Tennessee, United States",https://weworkremotely.com/company/6-figure-creative,US,2025-05-06
Content Creator (Youtube),Contra,Sales and Marketing,9,"San Francisco, CA",https://weworkremotely.com/company/contra,US,2025-05-06
Paid Marketing Specialist,Contra,Sales and Marketing,9,"San Francisco, CA",https://weworkremotely.com/company/contra,US,2025-05-06
Digital Marketing Specialist,Contra,Sales and Marketing,9,"San Francisco, CA",https://weworkremotely.com/company/contra,US,2025-05-06
Sales and Marketing Operations Manager,Walter,Sales and Marketing,14,Remote,https://weworkremotely.com/company/walter,Remote,2025-05-01
Agency & Recruiter Partnerships Account Executive,We Work Remotely,Sales and Marketing,14,Remote,https://weworkremotely.com/company/we-work-remotely,Remote,2025-05-01
Remote Inside Sales,Report Owl LLC,Sales and Marketing,15,USA,https://weworkremotely.com/company/report-owl-llc,US,2025-04-30
SEO Manager,Contra,Sales and Marketing,16,"San Francisco, CA",https://weworkremotely.com/company/contra,US,2025-04-29
Social Media Strategist,Contra,Sales and Marketing,16,"San Francisco, CA",https://weworkremotely.com/company/contra,US,2025-04-29
Marketing Strategist,Contra,Sales and Marketing,16,"San Francisco, CA",https://weworkremotely.com/company/contra,US,2025-04-29
Remote Sales Chat Representative,UsedConex.com,Sales and Marketing,17,"Tampa, FL",https://weworkremotely.com/company/usedconex-com,US,2025-04-28
Remote Account Representative,GL-Arias Organization,Sales and Marketing,18,"Pittsburgh,PA",https://weworkremotely.com/company/gl-arias-organization,US,2025-04-27
Business Development Specialist,"Speakeasy Authority Marketing, Inc.",Sales and Marketing,0,"Austin, TX",https://weworkremotely.com/company/speakeasy-authority-marketing-inc,US,2025-05-15
Data Coordinator,BBE Marketing Inc,Sales and Marketing,0,"Hurst, TX",https://weworkremotely.com/company/bbe-marketing-inc,US,2025-05-15
SEO Manager,MentorCruise,Sales and Marketing,0,Remote,https://weworkremotely.com/company/mentorcruise,Remote,2025-05-15
Creator Partnership Coordinator Needed,ContentJet Inc.,Sales and Marketing,1,"Montreal, Canada",https://weworkremotely.com/company/contentjet-inc,North America ex. US,2025-05-14
Marketing Assistant,Not So Wimpy Teacher,Sales and Marketing,1,"Phoenix, Arizona, United States",https://weworkremotely.com/company/not-so-wimpy-teacher,US,2025-05-14
Google Ads Account Manager - Remote (Work From Home),StubGroup,Sales and Marketing,2,Texas,https://weworkremotely.com/company/stubgroup,US,2025-05-13
Growth Marketing Manager,Forager,Sales and Marketing,2,Los Angeles,https://weworkremotely.com/company/forager,US,2025-05-13
Account Executive,Societ Inc,Sales and Marketing,3,"Montreal, Canada",https://weworkremotely.com/company/societ-inc,North America ex. US,2025-05-12
Founding Account Executive – SaaS Sales,Guideline Guru,Sales and Marketing,3,"New York, NY, USA",https://weworkremotely.com/company/guideline-guru,US,2025-05-12
Sales Development Representative,Culture Partners,Sales and Marketing,5,California,https://weworkremotely.com/company/culture-partners,US,2025-05-10
Manager of Revenue & Reporting,Starvox Entertainment,Sales and Marketing,6,"Toronto, Canada",https://weworkremotely.com/company/starvox-entertainment,North America ex. US,2025-05-09
Sales & Partnership Director,Conference Badge,Sales and Marketing,6,British Columbia,https://weworkremotely.com/company/conference-badge,North America ex. US,2025-05-09
Demand Generation Manager,Toggl,Sales and Marketing,8,"Tallinn, Estonia",https://weworkremotely.com/company/toggl,Europe,2025-05-07
Growth Marketing Lead,Vidpros,Sales and Marketing,8,"Casper, Wyoming",https://weworkremotely.com/company/vidpros,US,2025-05-07
Remote Growth Marketer,Checkout Page,Sales and Marketing,11,Remote,https://weworkremotely.com/company/checkout-page,Remote,2025-05-04
Remote Content Writer (Full-Time/Part-Time),NoGigiddy,Sales and Marketing,12,"Atlanta, Georgia",https://weworkremotely.com/company/nogigiddy,US,2025-05-03
Customer Success Account Manager / Business Growth Coach,The Growth Partner,Sales and Marketing,12,London,https://weworkremotely.com/company/the-growth-partner,Europe,2025-05-03
Sales & Customer Success (German Speaking) - AI SaaS für Hospitality,ailean.io,Sales and Marketing,12,"Zürich, Switzerland",https://weworkremotely.com/company/ailean-io,Europe,2025-05-03
"Enterprise Account Responsible (Full-Time, Remote)",Baymard Institute,Sales and Marketing,13,Denmark,https://weworkremotely.com/company/baymard-institute,Europe,2025-05-02
"Outbound Sales Representative (Full-Time, Remote)",Baymard Institute,Sales and Marketing,13,Denmark,https://weworkremotely.com/company/baymard-institute,Europe,2025-05-02
Experienced Marketing & Automation Manager/Implementor,Healthcare Boss Academy,Sales and Marketing,14,"Orlando, Florida",https://weworkremotely.com/company/healthcare-boss-academy,US,2025-05-01
Sales / Account Manager,iSpeedToLead,Sales and Marketing,15,"Boston, MA",https://weworkremotely.com/company/ispeedtolead,US,2025-04-30
Creative Marketing Manager,Charming Models Agency,Sales and Marketing,15,Switzerland,https://weworkremotely.com/company/charming-models-agency,Europe,2025-04-30
Business Development Manager (20hrs/week + Commission),OmniStreak,Sales and Marketing,15,Bratislava,https://weworkremotely.com/company/omnistreak,Europe,2025-04-30
Client Success Coach | Impact Clients,Impact Clients,Sales and Marketing,16,Puerto Rico,https://weworkremotely.com/company/impact-clients,South America,2025-04-29
Remote Sales Development Rep,ClearlyApps,Sales and Marketing,16,"Virginia, USA",https://weworkremotely.com/company/clearlyapps,US,2025-04-29
Customer Care & Sales Specialist (Worldwide - U.S. Excluded),Loop Support,Sales and Marketing,17,San Francisco,https://weworkremotely.com/company/loop-support,US,2025-04-28
Digital Sales Representative,Fesh,Sales and Marketing,17,"Wyoming, USA",https://weworkremotely.com/company/fesh,US,2025-04-28
"Marketing Manager, Partnerships",Thumbtack,Sales and Marketing,17,"San Francisco, California, USA",https://weworkremotely.com/company/thumbtack,US,2025-04-28
Account Executive (North America - SMB),Float,Sales and Marketing,19,Remote,https://weworkremotely.com/company/float,Remote,2025-04-26
WFH Travel Planner,Sky Land and Ocean Travel,Sales and Marketing,20,"Atlanta, GA",https://weworkremotely.com/company/sky-land-and-ocean-travel,US,2025-04-25
B2B Sale Representative,Community Phone,Sales and Marketing,20,Boston,https://weworkremotely.com/company/community-phone,US,2025-04-25
Client Success Manager,ALM Corp,Sales and Marketing,22,Toronto,https://weworkremotely.com/company/alm-corp,North America ex. US,2025-04-23
Account Executive,Yoko Co,Sales and Marketing,22,"McLean, VA",https://weworkremotely.com/company/yoko-co,US,2025-04-23
Direct Response Copywriter (Meta Ads Creative Specialist),SENSIC,Sales and Marketing,22,"Gold Coast, Australia",https://weworkremotely.com/company/sensic,US,2025-04-23
Google Ad Strategist,Contra,Sales and Marketing,22,"San Francisco, CA",https://weworkremotely.com/company/contra,US,2025-04-23
Marketing Lead,Contra,Sales and Marketing,23,"San Francisco, CA",https://weworkremotely.com/company/contra,US,2025-04-22
Business Development Manager,Crest Industries,Sales and Marketing,22,"Houston, Texas",https://weworkremotely.com/company/crest-industries,US,2025-04-23
Senior Sales Enablement Marketing Manager,Abridge,Sales and Marketing,22,New York City-Hybrid,https://weworkremotely.com/company/abridge,US,2025-04-23
"Native English Senior SEO Specialist - Strategic & Hands-On! (Part-Time, Remote)",The Casino Wizard,Sales and Marketing,23,Zevenbergen,https://weworkremotely.com/company/the-casino-wizard,Europe,2025-04-22
Marketing Content Creator,The Tech Tribe,Sales and Marketing,23,"Sydney, Australia",https://weworkremotely.com/company/the-tech-tribe,US,2025-04-22
Video Editor - Legal AI,Fledge,Sales and Marketing,24,Edinburgh,https://weworkremotely.com/company/fledge,Europe,2025-04-21
Social Media Content Producer,Starvox Entertainment,Sales and Marketing,24,"Toronto, Canada",https://weworkremotely.com/company/starvox-entertainment,North America ex. US,2025-04-21
Job Post - Performance Marketer – Google & YouTube Ads | Remote,GrowthEdge,Sales and Marketing,26,Melbourne,https://weworkremotely.com/company/growthedge,Australia/NZ,2025-04-19
Freelance SEO Specialist,TELL ME MORE,Sales and Marketing,27,"San Juan, Puerto Rico",https://weworkremotely.com/company/tell-me-more,South America,2025-04-18
Creative Strategist - Paid Social,Enhancv,Sales and Marketing,27,Europe,https://weworkremotely.com/company/enhancv,Europe,2025-04-18
Digital Marketing Specialist,Maharishi Foundation International,Sales and Marketing,29,Remote,https://weworkremotely.com/company/maharishi-foundation-international,Remote,2025-04-16
Marketing Analyst,Anchorage Digital,Sales and Marketing,29,United States,https://weworkremotely.com/company/anchorage-digital,US,2025-04-16
Marketing Data and BI Analyst,The Timberline Group,Sales and Marketing,29,"St. Louis, Missouri",https://weworkremotely.com/company/the-timberline-group,US,2025-04-16
Sales Representative (Remote),Local Service Mastery,Sales and Marketing,30,"Florida, USA",https://weworkremotely.com/company/local-service-mastery,US,2025-04-15
Video Editor,Contra,All Other,0,"San Francisco, CA",https://weworkremotely.com/company/contra,US,2025-05-15
Compliance Specialist,OnTheGoSystems,All Other,2,100% remote,https://weworkremotely.com/company/onthegosystems,Remote,2025-05-13
FT/PT Remote AI Prompt Engineering & Evaluation - Will Train,DataAnnotation.tech,All Other,4,"New York, NY",https://weworkremotely.com/company/dataannotation-tech,US,2025-05-11
Moving Estimator,Pure moving & storage inc,All Other,13,"Los Angeles, CA USA",https://weworkremotely.com/company/pure-moving-storage-inc,US,2025-05-02
Senior Fullstack (MERN) Developer,Proxify AB,All Other,6,Sweden,https://weworkremotely.com/company/proxify-ab,Europe,2025-05-09
Senior Magento Developer,Proxify AB,All Other,6,Sweden,https://weworkremotely.com/company/proxify-ab,Europe,2025-05-09
Senior Sharepoint Developer,Proxify AB,All Other,6,Sweden,https://weworkremotely.com/company/proxify-ab,Europe,2025-05-09
Senior Microsoft PowerBI Developer,Proxify AB,All Other,6,Sweden,https://weworkremotely.com/company/proxify-ab,Europe,2025-05-09
Online English Teacher,Native Camp,All Other,6,Japan,https://weworkremotely.com/company/native-camp,Asia,2025-05-09
Director of Investments & Asset Management - Private Equity Real Estate,Walter,All Other,11,Remote,https://weworkremotely.com/company/walter,Remote,2025-05-04
QA Engineer,Elite Software Automation,All Other,13,Virtual,https://weworkremotely.com/company/elite-software-automation,Remote,2025-05-02
Freelance Writer,ProWriterSites,All Other,17,New York,https://weworkremotely.com/company/prowritersites,US,2025-04-28
Languages teachers,AE Virtual Class S.A,All Other,25,Panama,https://weworkremotely.com/company/ae-virtual-class-s-a,North America ex. US,2025-04-20
"Associate Director, Engineering - Drupal Lead",Facing History & Ourselves,All Other,0,"Massachusetts, US",https://weworkremotely.com/company/facing-history-ourselves,US,2025-05-15
Senior iOS Engineer,"Zencastr, Inc",All Other,2,United States,https://weworkremotely.com/company/zencastr-inc,US,2025-05-13
Managing Editor,GrowthX,All Other,3,San Francisco,https://weworkremotely.com/company/growthx,US,2025-05-12
QA Engineer,Zanda Health,All Other,4,Australia,https://weworkremotely.com/company/zanda-health,US,2025-05-11
Senior Performance Test Engineer,XM,All Other,8,Cyprus or Remote,https://weworkremotely.com/company/xm,US,2025-05-07
QA Software Test Automation Engineer (Java),XM,All Other,8,Cyprus or Remote,https://weworkremotely.com/company/xm,US,2025-05-07
Software Development Engineer in Test (Python),XM,All Other,8,Cyprus or Remote,https://weworkremotely.com/company/xm,US,2025-05-07
"Technical Support Specialist (Remote) - Entry Level, No Degree Required, 15 - 18",NoGigiddy,All Other,9,"Atlanta, Georgia",https://weworkremotely.com/company/nogigiddy,US,2025-05-06
(Remote) - Virtual Assistant - 18.00 - 21.00/hour,NoGigiddy,All Other,9,"Atlanta, Georgia",https://weworkremotely.com/company/nogigiddy,US,2025-05-06
Remote Data Entry Clerk,NoGigiddy,All Other,9,"Atlanta, Georgia",https://weworkremotely.com/company/nogigiddy,US,2025-05-06
DevSecOps Engineer,XM,All Other,10,Cyprus or Remote,https://weworkremotely.com/company/xm,US,2025-05-05
Executive Personal Assistant to the CEO,ISpeedToLead,All Other,11,"Boston, MA",https://weworkremotely.com/company/ispeedtolead,US,2025-05-04
Cloud Security Engineer,XM,All Other,13,Cyprus or Remote,https://weworkremotely.com/company/xm,US,2025-05-02
Turn Your Travels Into Income – Become a Worldee Creator,Worldee,All Other,16,Czech Republic,https://weworkremotely.com/company/worldee,Europe,2025-04-29
QA Automation Engineer,Kodify Media Group,All Other,16,"Barcelona, Spain",https://weworkremotely.com/company/kodify-media-group,Europe,2025-04-29
AMR Robotics Engineer,Kanaria Tech,All Other,16,"Shibuya, Tokyo",https://weworkremotely.com/company/kanaria-tech,Asia,2025-04-29
Senior iOS Developer (Remote),Neybox Digital Ltd.,All Other,17,"Limassol, Lemesós, Cyprus",https://weworkremotely.com/company/neybox-digital-ltd,US,2025-04-28
✨ Talent Acquisition Specialist (f/m/d),Perspective.co,All Other,20,Fully remote from Europe,https://weworkremotely.com/company/perspective-co,Europe,2025-04-25
Executive Assistant (Client Advocate),Hey Girl Friday,All Other,20,Remote,https://weworkremotely.com/company/hey-girl-friday,Remote,2025-04-25
Virtual Assistant,"The Lawgical Firm, P.A.",All Other,22,"Orlando, FL",https://weworkremotely.com/company/the-lawgical-firm-p-a,US,2025-04-23
Short Form Video Editor,Contra,All Other,23,"San Francisco, CA",https://weworkremotely.com/company/contra,US,2025-04-22
WordPress Developer/Technical Writer,Soflyy,All Other,24,The Internet,https://weworkremotely.com/company/soflyy,Remote,2025-04-21
Data Entry Specialist,Alfanoos International Ltd,All Other,24,Saudi Arabia,https://weworkremotely.com/company/alfanoos-international-ltd,Middle East,2025-04-21
"Remote Executive Assistant (10 hrs/week, U.S. Timezones Only)",ARC Executive Desk (Private Client),All Other,25,"Delray Beach, Florida",https://weworkremotely.com/company/arc-executive-desk-private-client,US,2025-04-20
"Remote Paralegal – VIDEO INTERVIEW REQUIRED (50–60 hrs/week | $1,200–$1,800/mo)",EF LAW FIRM,All Other,26,"AUSTIN, TX",https://weworkremotely.com/company/ef-law-firm,US,2025-04-19
Client Implementations Data Solutions Architect,Subscript,All Other,26,"Oakland, California, United States",https://weworkremotely.com/company/subscript,US,2025-04-19
Student Representatives,EDUopinions,All Other,29,Andorra,https://weworkremotely.com/company/eduopinions,Europe,2025-04-16
Bilingual Recruiter - Remote,Magic Inc.,All Other,29,"California, US",https://weworkremotely.com/company/magic-inc,US,2025-04-16
