title,company,category,date_posted,location,url
AI Automation Expert,Contra,Full Stack Programming,NEW,"San Francisco, CA",https://weworkremotely.com/company/contra
Remote Full-Stack TypeScript Engineer,Glama,Full Stack Programming,NEW,"Miami, FL",https://weworkremotely.com/company/glama
Senior React Full-stack Developer,Lemon.io,Full Stack Programming,NEW,"New York, NY",https://weworkremotely.com/company/lemon-io
PHP Full-Stack Developer,OnTheGoSystems,Full Stack Programming,2d,100% remote,https://weworkremotely.com/company/onthegosystems
Coding Tech Bootcamp - Job Guaranteed by Metana,Metana,Full Stack Programming,BOOTCAMP INFO,"No coding experience required, Land a job with 1-on-1 expert support.",https://metana.io/full-stack-software-engineer-bootcamp/?utm_source=weworkremotely.com&utm_medium=homepage-ad
RoR Full-Stack Developer,OnTheGoSystems,Full Stack Programming,2d,100% remote,https://weworkremotely.com/company/onthegosystems
Software Design Engineer,Elite Software Automation,Full Stack Programming,8d,Virtual,https://weworkremotely.com/company/elite-software-automation
Framer Expert,Contra,Full Stack Programming,9d,"San Francisco, CA",https://weworkremotely.com/company/contra
Senior Software Engineer,Contra,Full Stack Programming,14d,"San Francisco, CA",https://weworkremotely.com/company/contra
AI Automation Specialist,Contra,Full Stack Programming,16d,"San Francisco, CA",https://weworkremotely.com/company/contra
Laravel/VueJS Developer for Scalable Call Center CRM Platform,OnQueCRM,Full Stack Programming,18d,"Miami, FL",https://weworkremotely.com/company/onquecrm
Senior Software Engineer,Intellisync,Full Stack Programming,NEW,"Acireale, Italy",https://weworkremotely.com/company/intellisync
Internet of Things Technical Lead,Sanctuary Computer,Full Stack Programming,NEW,New York City,https://weworkremotely.com/company/sanctuary-computer
Senior Full-Stack Software Engineer,Clipp.com,Full Stack Programming,NEW,"St. Petersburg, FL",https://weworkremotely.com/company/clipp-com
"Hybrid remote with travel Safety, Reliability, and Quality Assur with Security Clearance",Associates Systems LLC,Full Stack Programming,1d,Texas,https://weworkremotely.com/company/associates-systems-llc
Senior Full Stack Developer,Rivora,Full Stack Programming,2d,Los Angeles,https://weworkremotely.com/company/rivora
Senior Independent Software Developer ($90-$170/hr),A.Team,Full Stack Programming,3d,"NYC, SF, and TLV",https://weworkremotely.com/company/a-team
Senior Full Stack Engineer (ClientOps + Applied AI),GrowthX,Full Stack Programming,3d,San Francisco,https://weworkremotely.com/company/growthx
Remote CCNA Network Security Engineer - Secret with Security Clearance,Associates Systems LLC,Full Stack Programming,4d,Pennsylvania,https://weworkremotely.com/company/associates-systems-llc
Sr Design Engineer- Remote with Security Clearance,Associates Systems LLC,Full Stack Programming,4d,New Jersey,https://weworkremotely.com/company/associates-systems-llc
Remote Palantir Foundry developer- US citizen or Green card with Security Clearance,Associates Systems LLC,Full Stack Programming,4d,Florida,https://weworkremotely.com/company/associates-systems-llc
Staff Software Engineer,Murmuration,Full Stack Programming,4d,Murmuration,https://weworkremotely.com/company/murmuration
Remote Palantir Foundry developer- US citizen or Green card with Security Clearance,Associates Systems LLC,Full Stack Programming,5d,Florida,https://weworkremotely.com/remote-jobs/associates-systems-llc-remote-palantir-foundry-developer-us-citizen-or-green-card-with-security-clearance
Remote CCNA Network Security Engineer - Secret with Security Clearance,Associates Systems LLC,Full Stack Programming,5d,Pennsylvania,https://weworkremotely.com/remote-jobs/associates-systems-llc-remote-ccna-network-security-engineer-secret-with-security-clearance
EVM Analyst / Scheduler- Remote DOD Secret with Security Clearance,Associates Systems LLC,Full Stack Programming,5d,Alabama,https://weworkremotely.com/company/associates-systems-llc
Javascript Fullstack Engineer - Senior,Lumenalta,Full Stack Programming,6d,New York,https://weworkremotely.com/company/lumenalta
Experienced Full-stack Developer,Sanctuary Computer,Full Stack Programming,7d,New York City,https://weworkremotely.com/company/sanctuary-computer
Full-Stack Engineer,Shotstack,Full Stack Programming,7d,"Sydney, Australia",https://weworkremotely.com/company/shotstack
Senior Shopify Developer (Remote + Flexible),Storetasker,Full Stack Programming,7d,"Brooklyn, NY",https://weworkremotely.com/company/storetasker
Senior Backend Engineer,Elevate Labs,Full Stack Programming,8d,Fully Remote,https://weworkremotely.com/company/elevate-labs
Fullstack Software Engineer - Brazil,Commure - Brazil,Full Stack Programming,8d,Rio de Janeiro,https://weworkremotely.com/company/commure-brazil
Senior Full-Stack Developer,Monadical,Full Stack Programming,8d,Montreal,https://weworkremotely.com/company/monadical
Full Stack JavaScript Developer,Checkout Page,Full Stack Programming,10d,Remote,https://weworkremotely.com/company/checkout-page
Consultant (Form.io Expert) — Potential PM Role,"Orbital Installation Technologies, LLC.",Full Stack Programming,14d,"Indiana, USA",https://weworkremotely.com/company/orbital-installation-technologies-llc
Software Engineer,SH:24 CIC,Full Stack Programming,14d,London,https://weworkremotely.com/company/sh-24-cic
Senior Java Developer - 100% remote (m/w/d),42matches GmbH,Full Stack Programming,16d,Germany Hamburg,https://weworkremotely.com/company/42matches-gmbh
Low-Ego • High-Impact Developer / Systems Architect,The Humble Hackers,Full Stack Programming,16d,The Internet,https://weworkremotely.com/company/the-humble-hackers
"Software Engineer (Frontend, Backend, or Full stack)",Subscript,Full Stack Programming,20d,"Oakland, California, United States",https://weworkremotely.com/company/subscript
Senior Software Engineer - GoLang,Platform Engineering Labs,Full Stack Programming,20d,New York,https://weworkremotely.com/company/platform-engineering-labs
Full Stack AI Software Engineer,SlideSpeak,Full Stack Programming,20d,"London, UK",https://weworkremotely.com/company/slidespeak
Software Engineering Manager,DistroKid,Full Stack Programming,21d,NYC,https://weworkremotely.com/company/distrokid
Senior Full Stack Engineer,SIGMA Assessment Systems,Full Stack Programming,22d,"London, ON Canada",https://weworkremotely.com/company/sigma-assessment-systems
Senior Full Stack Developer,AuthentifyIt,Full Stack Programming,22d,Brussels,https://weworkremotely.com/company/authentifyit
Webflow Developer,Contra,Full Stack Programming,23d,"San Francisco, CA",https://weworkremotely.com/company/contra
"Remote C# .NET Developer (WinForms, Trading Platform) – Exceptional Talent Wanted",Jigsaw Trading Limited,Full Stack Programming,23d,Hong Kong,https://weworkremotely.com/company/jigsaw-trading-limited
Senior Full Stack Engineer (Ruby on Rails/React),Learning Tapestry,Full Stack Programming,24d,United States,https://weworkremotely.com/company/learning-tapestry
Full-Stack Developer,Officials Management Systems,Full Stack Programming,24d,"Spring, TX",https://weworkremotely.com/company/officials-management-systems
"Sr. Software Engineer, Simulation",CodeSignal,Full Stack Programming,24d,San Francisco,https://weworkremotely.com/company/codesignal
Senior Full-Stack Developer,Lidamus,Full Stack Programming,27d,"Madeira, Portugal",https://weworkremotely.com/company/lidamus
Freelance- Senior Shopify full stack developer,Orca International,Full Stack Programming,27d,Switzerland,https://weworkremotely.com/company/orca-international
Senior Developer,Tiding Health,Full Stack Programming,27d,"Phoenix, AZ",https://weworkremotely.com/company/tiding-health
Staff Software Engineer,BaxEnergy,Full Stack Programming,28d,"Acireale, Italy",https://weworkremotely.com/company/baxenergy
Senior PHP Engineer,MailerLite,Full Stack Programming,28d,USA,https://weworkremotely.com/company/mailerlite
Full Stack Javascript Developer (Shape Up + Small team),Inovo Studios,Full Stack Programming,29d,"Nashville, TN",https://weworkremotely.com/company/inovo-studios
Senior React Front End Developer (Latin America),Lyfeplan LLC,Front End Programming,NEW,"Greenwich, CT",https://weworkremotely.com/company/lyfeplan-llc
Senior React Native Developer,Proxify AB,Front End Programming,6d,Sweden,https://weworkremotely.com/company/proxify-ab
Senior Mobile Engineer,Maharishi Foundation International,Front End Programming,8d,Remote,https://weworkremotely.com/company/maharishi-foundation-international
Freelance Web Designer,Reedsy,Front End Programming,9d,Australia,https://weworkremotely.com/company/reedsy
Coding Tech Bootcamp - Job Guaranteed by Metana,Metana,Front End Programming,BOOTCAMP INFO,"No coding experience required, Land a job with 1-on-1 expert support.",https://metana.io/full-stack-software-engineer-bootcamp/?utm_source=weworkremotely.com&utm_medium=homepage-ad
Linux System Engineer (M/W/D),Anexia Internetdienstleistungs,Front End Programming,9d,N/A,https://weworkremotely.com/company/anexia-internetdienstleistungs
Senior Android App Developer,CLOUDWIND NETWORK COMPANY LIMITED,Front End Programming,20d,"Ho Chi Minh, Vietnam",https://weworkremotely.com/company/cloudwind-network-company-limited
Senior Front End Developer,Missive,Front End Programming,23d,"Quebec city, Canada",https://weworkremotely.com/company/missive
Senior Software Engineer - Frontend/React - USA Only (100% Remote),Close,Front End Programming,30d,USA,https://weworkremotely.com/company/close
Mid-Senior Rails Systems Monitoring & Quality Assurance,WebPunch,Back End Programming,3d,"Denver, CO",https://weworkremotely.com/company/webpunch
Senior Symfony Developer,Proxify AB,Back End Programming,6d,Sweden,https://weworkremotely.com/company/proxify-ab
Senior Shopify Developer,Proxify AB,Back End Programming,6d,Sweden,https://weworkremotely.com/company/proxify-ab
Senior Laravel Developer,Proxify AB,Back End Programming,6d,Sweden,https://weworkremotely.com/company/proxify-ab
Coding Tech Bootcamp - Job Guaranteed by Metana,Metana,Back End Programming,BOOTCAMP INFO,"No coding experience required, Land a job with 1-on-1 expert support.",https://metana.io/full-stack-software-engineer-bootcamp/?utm_source=weworkremotely.com&utm_medium=homepage-ad
Senior Ruby on Rails Developer,Proxify AB,Back End Programming,6d,Sweden,https://weworkremotely.com/company/proxify-ab
Backend Developer,Walter,Back End Programming,12d,Remote,https://weworkremotely.com/company/walter
Senior Backend Engineer (Toggl Hire),Toggl,Back End Programming,20d,"Tallinn, Estonia",https://weworkremotely.com/company/toggl
"Senior Software Engineer (Backend, Native Android or iOS)",Sanctuary Computer,Back End Programming,1d,New York City,https://weworkremotely.com/company/sanctuary-computer
Cloud Software Engineer,WiSNAM srl,Back End Programming,3d,"Via Sclafani, 40D, 95024 Acireale CT, Italy",https://weworkremotely.com/company/wisnam-srl
Backend Developer (C# & .NET),Truestory,Back End Programming,6d,"Aarhus, Denmark",https://weworkremotely.com/company/truestory
"Senior Software Engineer, Microsoft Dynamics 365 BC Developer",NaviPartner,Back End Programming,7d,"Copenhagen, Denmark",https://weworkremotely.com/company/navipartner
Engineering Technical Lead - Node.js - EMEA,Hostaway Opco Oy,Back End Programming,13d,Finland,https://weworkremotely.com/company/hostaway-opco-oy
Experienced Ruby Engineer - Product Team,Silverfin,Back End Programming,15d,"Gent, Belgium",https://weworkremotely.com/company/silverfin
Team Lead - Product Engineering Team,Silverfin,Back End Programming,15d,"Gent, Belgium",https://weworkremotely.com/company/silverfin
Senior Full-Stack JavaScript Engineer,BrandChamp,Back End Programming,15d,US Virgin Islands,https://weworkremotely.com/company/brandchamp
Senior Software Engineer,Semaphore,Back End Programming,15d,Novi Sad,https://weworkremotely.com/company/semaphore
Candidate Pool - United States & Canada,Classy Llama,Back End Programming,15d,Remote,https://weworkremotely.com/company/classy-llama
Senior Backend Engineer,Proton.ai,Back End Programming,22d,"Cambridge, MA",https://weworkremotely.com/company/proton-ai
Senior Software Engineer - Backend/Python - USA Only (100% Remote),Close,Back End Programming,26d,USA,https://weworkremotely.com/company/close
Back-End Developer,Winna.com,Back End Programming,29d,N/A,https://weworkremotely.com/company/winna-com
Backend / Search Engineer,Bitrefill,Back End Programming,30d,Stockholm,https://weworkremotely.com/company/bitrefill
Canva Designer,Contra,Design,NEW,"San Francisco, CA",https://weworkremotely.com/company/contra
Digital Marketing Lead,Contra,Design,NEW,"San Francisco, CA",https://weworkremotely.com/company/contra
Brand Designer,Contra,Design,NEW,"San Francisco, CA",https://weworkremotely.com/company/contra
Sales Development Rep,Walter,Design,2d,Remote,https://weworkremotely.com/company/walter
Coding Tech Bootcamp - Job Guaranteed by Metana,Metana,Design,BOOTCAMP INFO,"No coding experience required, Land a job with 1-on-1 expert support.",https://metana.io/full-stack-software-engineer-bootcamp/?utm_source=weworkremotely.com&utm_medium=homepage-ad
No Code Developer,Contra,Design,9d,"San Francisco, CA",https://weworkremotely.com/company/contra
Web Designer (Framer),Contra,Design,16d,"San Francisco, CA",https://weworkremotely.com/company/contra
UI/UX Designer,Files.com,Design,24d,"Scottsdale, AZ",https://weworkremotely.com/company/files-com
Entry Level Sales Agent - Chat Only - Side Hustle,Used Conex LLC,Design,25d,"Tampa, FL",https://weworkremotely.com/company/used-conex-llc
Graphic Designer/Social Media Manager,BBE Marketing Inc,Design,3d,"Hurst, TX",https://weworkremotely.com/company/bbe-marketing-inc
Design Engineer (Senior to Principal),GrowthX,Design,7d,San Francisco,https://weworkremotely.com/company/growthx
UI/UX Designer,Spiralyze,Design,14d,"Atlanta, Georgia",https://weworkremotely.com/company/spiralyze
Part-time UI/UX Designer,Semaphore,Design,18d,Novi Sad,https://weworkremotely.com/company/semaphore
Brand Designer,Contra,Design,23d,"San Francisco, CA",https://weworkremotely.com/company/contra
Senior UX Engineer,Freedom of the Press Foundation,Design,29d,"Brooklyn, New York",https://weworkremotely.com/company/freedom-of-the-press-foundation
Senior DevOps Engineer (Azure),Proxify AB,DevOps and Sysadmin,6d,Sweden,https://weworkremotely.com/company/proxify-ab
DevOps Engineer,Paymentology,DevOps and Sysadmin,16d,London,https://weworkremotely.com/company/paymentology
Golang Engineer,Canonical,DevOps and Sysadmin,23d,N/A,https://weworkremotely.com/company/canonical
Senior DevOps Engineer,Clipp.com,DevOps and Sysadmin,NEW,"St. Petersburg, FL",https://weworkremotely.com/company/clipp-com
Coding Tech Bootcamp - Job Guaranteed by Metana,Metana,DevOps and Sysadmin,BOOTCAMP INFO,"No coding experience required, Land a job with 1-on-1 expert support.",https://metana.io/full-stack-software-engineer-bootcamp/?utm_source=weworkremotely.com&utm_medium=homepage-ad
System and Network Administrator,IVPN,DevOps and Sysadmin,9d,Gibraltar,https://weworkremotely.com/company/ivpn
Project coordinator,Sana Vita Operations LLC,DevOps and Sysadmin,19d,Austin Texas,https://weworkremotely.com/company/sana-vita-operations-llc
Senior Site Reliability Engineer,BaxEnergy,DevOps and Sysadmin,23d,"Acireale, Italy",https://weworkremotely.com/company/baxenergy
Business Operations Manager:in,Cleanskin Betriebs GmbH,Management and Finance,1d,Germany Munich,https://weworkremotely.com/company/cleanskin-betriebs-gmbh
Freelance Project Manager (Marketing Websites / WordPress),TELL ME MORE®,Management and Finance,8d,"San Juan, Puerto Rico",https://weworkremotely.com/company/tell-me-more
Collections Account Manager,Clipboard Health,Management and Finance,9d,California,https://weworkremotely.com/company/clipboard-health
Scalability Analytics Lead,Instacart,Management and Finance,23d,San Francisco USA,https://weworkremotely.com/company/instacart
Coding Tech Bootcamp - Job Guaranteed by Metana,Metana,Management and Finance,BOOTCAMP INFO,"No coding experience required, Land a job with 1-on-1 expert support.",https://metana.io/full-stack-software-engineer-bootcamp/?utm_source=weworkremotely.com&utm_medium=homepage-ad
Security Technical Program Manager,Abnormal Security,Management and Finance,24d,San Francisco USA,https://weworkremotely.com/company/abnormal-security
Implementation Manager,Cresta,Management and Finance,24d,California USA,https://weworkremotely.com/company/cresta
Acquisition Specialist,Pie Insurance,Management and Finance,24d,N/A,https://weworkremotely.com/company/pie-insurance
"Actuarial Manager, Pricing",DoorDash,Management and Finance,24d,San Francisco USA,https://weworkremotely.com/company/doordash
Project Manager (Agency Experience Required),ContentJet Inc.,Management and Finance,1d,"Montreal, Canada",https://weworkremotely.com/company/contentjet-inc
SENIOR ACCOUNTANT (REMOTE),blinc,Management and Finance,5d,"Delray Beach, Florida",https://weworkremotely.com/company/blinc
Stock & Option Trader at Maverick Trading,Maverick Trading,Management and Finance,9d,"Salt Lake City, UT, USA",https://weworkremotely.com/company/maverick-trading
Director of Finance and Operations,Talkpush,Management and Finance,12d,Ireland,https://weworkremotely.com/company/talkpush
Project/Product Manager,Spiralyze,Management and Finance,14d,"Atlanta, Georgia",https://weworkremotely.com/company/spiralyze
IFRS Accountant with Multiple Jurisdiction Experience,Flag Theory,Management and Finance,16d,Remote,https://weworkremotely.com/company/flag-theory
Marketing Automation SaaS + Services Line of Business Owner,New Law Business Model,Management and Finance,18d,"Boulder, CO",https://weworkremotely.com/company/new-law-business-model
Forex / Cryptocurrency Trader,Maverick Trading,Management and Finance,18d,"Salt Lake City, UT, USA",https://weworkremotely.com/company/maverick-trading
Financial Controller (Part Time),Sanctuary Computer/ garden3d,Management and Finance,24d,New York City,https://weworkremotely.com/company/sanctuary-computer-garden3d
Business Analyst,Elite Software Automation,Management and Finance,27d,Virtual,https://weworkremotely.com/company/elite-software-automation
Finance Coordinator,ORCID,Management and Finance,28d,"Bethesda, MD",https://weworkremotely.com/company/orcid
Senior Technical Product Manager,Tether,Product,4d,El Salvador,https://weworkremotely.com/company/tether
Senior Product Manager,Toggl,Product,14d,"Tallinn, Estonia",https://weworkremotely.com/company/toggl
Head of Product,Toggl,Product,22d,"Tallinn, Estonia",https://weworkremotely.com/company/toggl
Senior Independent Product Manager/Product Designer ($90-$170/hr),A.Team,Product,3d,"NYC, SF, and TLV",https://weworkremotely.com/company/a-team
Coding Tech Bootcamp - Job Guaranteed by Metana,Metana,Product,BOOTCAMP INFO,"No coding experience required, Land a job with 1-on-1 expert support.",https://metana.io/full-stack-software-engineer-bootcamp/?utm_source=weworkremotely.com&utm_medium=homepage-ad
Technical Writer,BaxEnergy,Product,4d,"Acireale, Italy",https://weworkremotely.com/company/baxenergy
Chief Digital & Technology Officer,Kazar Group S.A.,Product,20d,"Warsaw, Poland",https://weworkremotely.com/company/kazar-group-s-a
Senior UX Designer,Leadsnap,Product,20d,"Las Vegas, NV",https://weworkremotely.com/company/leadsnap
QA Analyst,Wealthbox CRM,Product,30d,Remote,https://weworkremotely.com/company/wealthbox-crm
Support Specialist at Journalism/Transparency Non-Profit,MuckRock Foundation,Customer Support,3d,"Boston, MA",https://weworkremotely.com/company/muckrock-foundation
Amazing customer support job,Cliniko,Customer Support,7d,"Melbourne, Australia.",https://weworkremotely.com/company/cliniko
"Chat Support Agent (Remote) - Entry Level, No Degree Required - 15 - 18 per Hour",NoGigiddy,Customer Support,9d,"Atlanta, Georgia",https://weworkremotely.com/company/nogigiddy
"Business Analyst, Customer Experience",Affirm,Customer Support,14d,"San Francisco, California, United States",https://weworkremotely.com/company/affirm
Coding Tech Bootcamp - Job Guaranteed by Metana,Metana,Customer Support,BOOTCAMP INFO,"No coding experience required, Land a job with 1-on-1 expert support.",https://metana.io/full-stack-software-engineer-bootcamp/?utm_source=weworkremotely.com&utm_medium=homepage-ad
Client Support Specialist (Healthcare Facilities - B2B),Clipboard Health,Customer Support,16d,California,https://weworkremotely.com/company/clipboard-health
Virtual Assistants for a Personal Injury Law Firm - Customer Service and Sales Experience,The Ward Law Group,Customer Support,5d,"Miami Lakes, FL",https://weworkremotely.com/company/the-ward-law-group
Entry-Level Account Manager,NoGigiddy,Customer Support,9d,"Atlanta, Georgia",https://weworkremotely.com/company/nogigiddy
Remote Customer Success Specialist,NoGigiddy,Customer Support,9d,"Atlanta, Georgia",https://weworkremotely.com/company/nogigiddy
Remote Customer Service Rep Up to 19/hour - No Degree Needed,NoGigiddy,Customer Support,12d,"Atlanta, Georgia",https://weworkremotely.com/company/nogigiddy
"We're Hiring: Account Manager (Remote, Full-Time)",ContentJet Inc.,Customer Support,13d,"Montreal, Canada",https://weworkremotely.com/company/contentjet-inc
Remote Sales & Appointment Coordinator (Window Tint Industry Experience Preferred),Choice Window Tint,Customer Support,14d,"Greenwood, IN",https://weworkremotely.com/company/choice-window-tint
Banco de Talentos | Desenvolvedor (a) Salesforce JR/PL/SR,Sottelli,Customer Support,16d,"Campinas, São Paulo, Brazil",https://weworkremotely.com/company/sottelli
"SI Partner Sales, North America",Hightouch,Customer Support,16d,(North America),https://weworkremotely.com/company/hightouch
Przedstawiciel Handlowy,Growton,Customer Support,16d,Poland,https://weworkremotely.com/company/growton
Senior Product Manager- Enterprise Governance,monday.com,Customer Support,16d,"Tel Aviv-Yafo, Tel Aviv District, Israel",https://weworkremotely.com/company/monday-com
Mid Market Account Executive - Benelux,HubSpot,Customer Support,16d,- Netherlands,https://weworkremotely.com/company/hubspot
General Application,Bloomerang,Customer Support,17d,"Remote, US",https://weworkremotely.com/company/bloomerang
Visa Consultant (Customer Services and Operations),Rapid Documents Ltd,Customer Support,20d,London,https://weworkremotely.com/company/rapid-documents-ltd
Customer Service (Appointment Scheduler),Legacy Painting,Customer Support,21d,"Lynnwood, Washington",https://weworkremotely.com/company/legacy-painting
MS Dynamics CRM Technical Architect/ Project Lead,Hitachi Solutions,Customer Support,22d,"Pune, India",https://weworkremotely.com/company/hitachi-solutions
Staff Technical Lead,HubSpot,Customer Support,22d,- Netherlands,https://weworkremotely.com/company/hubspot
Territory Manager,Roofr,Customer Support,23d,Remote: North Carolina,https://weworkremotely.com/company/roofr
Real Estate CRM Manager - HubSpot (ZR_22009_JOB),BruntWork,Customer Support,27d,N/A,https://weworkremotely.com/company/bruntwork
Customer Support Specialist (PropTech | Remote | U.S. Excluded),Loop Support,Customer Support,28d,San Francisco,https://weworkremotely.com/company/loop-support
Account Executive Small Business Italy,HubSpot,Customer Support,29d,- Netherlands,https://weworkremotely.com/company/hubspot
"Associate Staff Engineer, CRM Dynamics",Nagarro,Customer Support,29d,"Remote, India",https://weworkremotely.com/company/nagarro
"Account Executive, Mid Market - Middle East",HubSpot,Customer Support,30d,- Netherlands,https://weworkremotely.com/company/hubspot
Remote Salesperson,Walter,Sales and Marketing,2d,Remote,https://weworkremotely.com/company/walter
Account Executive (USA Only),Close,Sales and Marketing,2d,USA,https://weworkremotely.com/company/close
"Account Executive, B2B",Community Phone,Sales and Marketing,3d,Boston,https://weworkremotely.com/company/community-phone
Sales representative,Pure moving & storage inc,Sales and Marketing,6d,"Los Angeles, CA USA",https://weworkremotely.com/company/pure-moving-storage-inc
Coding Tech Bootcamp - Job Guaranteed by Metana,Metana,Sales and Marketing,BOOTCAMP INFO,"No coding experience required, Land a job with 1-on-1 expert support.",https://metana.io/full-stack-software-engineer-bootcamp/?utm_source=weworkremotely.com&utm_medium=homepage-ad
Senior Content Marketer,Animalz,Sales and Marketing,6d,"San Diego, California",https://weworkremotely.com/company/animalz
Direct Response Email Marketing Strategist,6 Figure Creative,Sales and Marketing,9d,"Nashville, Tennessee, United States",https://weworkremotely.com/company/6-figure-creative
Content Creator (Youtube),Contra,Sales and Marketing,9d,"San Francisco, CA",https://weworkremotely.com/company/contra
Paid Marketing Specialist,Contra,Sales and Marketing,9d,"San Francisco, CA",https://weworkremotely.com/company/contra
Digital Marketing Specialist,Contra,Sales and Marketing,9d,"San Francisco, CA",https://weworkremotely.com/company/contra
Sales and Marketing Operations Manager,Walter,Sales and Marketing,14d,Remote,https://weworkremotely.com/company/walter
Agency & Recruiter Partnerships Account Executive,We Work Remotely,Sales and Marketing,14d,Remote,https://weworkremotely.com/company/we-work-remotely
Remote Inside Sales,Report Owl LLC,Sales and Marketing,15d,USA,https://weworkremotely.com/company/report-owl-llc
SEO Manager,Contra,Sales and Marketing,16d,"San Francisco, CA",https://weworkremotely.com/company/contra
Social Media Strategist,Contra,Sales and Marketing,16d,"San Francisco, CA",https://weworkremotely.com/company/contra
Marketing Strategist,Contra,Sales and Marketing,16d,"San Francisco, CA",https://weworkremotely.com/company/contra
Remote Sales Chat Representative,UsedConex.com,Sales and Marketing,17d,"Tampa, FL",https://weworkremotely.com/company/usedconex-com
Remote Account Representative,GL-Arias Organization,Sales and Marketing,18d,"Pittsburgh,PA",https://weworkremotely.com/company/gl-arias-organization
Business Development Specialist,"Speakeasy Authority Marketing, Inc.",Sales and Marketing,NEW,"Austin, TX",https://weworkremotely.com/company/speakeasy-authority-marketing-inc
Data Coordinator,BBE Marketing Inc,Sales and Marketing,NEW,"Hurst, TX",https://weworkremotely.com/company/bbe-marketing-inc
SEO Manager,MentorCruise,Sales and Marketing,NEW,Remote,https://weworkremotely.com/company/mentorcruise
Creator Partnership Coordinator Needed,ContentJet Inc.,Sales and Marketing,1d,"Montreal, Canada",https://weworkremotely.com/company/contentjet-inc
Marketing Assistant,Not So Wimpy Teacher,Sales and Marketing,1d,"Phoenix, Arizona, United States",https://weworkremotely.com/company/not-so-wimpy-teacher
Google Ads Account Manager - Remote (Work From Home),StubGroup,Sales and Marketing,2d,Texas,https://weworkremotely.com/company/stubgroup
Growth Marketing Manager,Forager,Sales and Marketing,2d,Los Angeles,https://weworkremotely.com/company/forager
Account Executive,Societ Inc,Sales and Marketing,3d,"Montreal, Canada",https://weworkremotely.com/company/societ-inc
Founding Account Executive – SaaS Sales,Guideline Guru,Sales and Marketing,3d,"New York, NY, USA",https://weworkremotely.com/company/guideline-guru
Sales Development Representative,Culture Partners,Sales and Marketing,5d,California,https://weworkremotely.com/company/culture-partners
Manager of Revenue & Reporting,Starvox Entertainment,Sales and Marketing,6d,"Toronto, Canada",https://weworkremotely.com/company/starvox-entertainment
Sales & Partnership Director,Conference Badge,Sales and Marketing,6d,British Columbia,https://weworkremotely.com/company/conference-badge
Demand Generation Manager,Toggl,Sales and Marketing,8d,"Tallinn, Estonia",https://weworkremotely.com/company/toggl
Growth Marketing Lead,Vidpros,Sales and Marketing,8d,"Casper, Wyoming",https://weworkremotely.com/company/vidpros
Remote Growth Marketer,Checkout Page,Sales and Marketing,11d,Remote,https://weworkremotely.com/company/checkout-page
Remote Content Writer (Full-Time/Part-Time),NoGigiddy,Sales and Marketing,12d,"Atlanta, Georgia",https://weworkremotely.com/company/nogigiddy
Customer Success Account Manager / Business Growth Coach,The Growth Partner,Sales and Marketing,12d,London,https://weworkremotely.com/company/the-growth-partner
Sales & Customer Success (German Speaking) - AI SaaS für Hospitality,ailean.io,Sales and Marketing,12d,"Zürich, Switzerland",https://weworkremotely.com/company/ailean-io
"Enterprise Account Responsible (Full-Time, Remote)",Baymard Institute,Sales and Marketing,13d,Denmark,https://weworkremotely.com/company/baymard-institute
"Outbound Sales Representative (Full-Time, Remote)",Baymard Institute,Sales and Marketing,13d,Denmark,https://weworkremotely.com/company/baymard-institute
Experienced Marketing & Automation Manager/Implementor,Healthcare Boss Academy,Sales and Marketing,14d,"Orlando, Florida",https://weworkremotely.com/company/healthcare-boss-academy
Sales / Account Manager,iSpeedToLead,Sales and Marketing,15d,"Boston, MA",https://weworkremotely.com/company/ispeedtolead
Creative Marketing Manager,Charming Models Agency,Sales and Marketing,15d,Switzerland,https://weworkremotely.com/company/charming-models-agency
Business Development Manager (20hrs/week + Commission),OmniStreak,Sales and Marketing,15d,Bratislava,https://weworkremotely.com/company/omnistreak
Client Success Coach | Impact Clients,Impact Clients,Sales and Marketing,16d,Puerto Rico,https://weworkremotely.com/company/impact-clients
Remote Sales Development Rep,ClearlyApps,Sales and Marketing,16d,"Virginia, USA",https://weworkremotely.com/company/clearlyapps
Customer Care & Sales Specialist (Worldwide - U.S. Excluded),Loop Support,Sales and Marketing,17d,San Francisco,https://weworkremotely.com/company/loop-support
Digital Sales Representative,Fesh,Sales and Marketing,17d,"Wyoming, USA",https://weworkremotely.com/company/fesh
"Marketing Manager, Partnerships",Thumbtack,Sales and Marketing,17d,"San Francisco, California, USA",https://weworkremotely.com/company/thumbtack
Account Executive (North America - SMB),Float,Sales and Marketing,19d,Remote,https://weworkremotely.com/company/float
WFH Travel Planner,Sky Land and Ocean Travel,Sales and Marketing,20d,"Atlanta, GA",https://weworkremotely.com/company/sky-land-and-ocean-travel
B2B Sale Representative,Community Phone,Sales and Marketing,20d,Boston,https://weworkremotely.com/company/community-phone
Client Success Manager,ALM Corp,Sales and Marketing,22d,Toronto,https://weworkremotely.com/company/alm-corp
Account Executive,Yoko Co,Sales and Marketing,22d,"McLean, VA",https://weworkremotely.com/company/yoko-co
Direct Response Copywriter (Meta Ads Creative Specialist),SENSIC,Sales and Marketing,22d,"Gold Coast, Australia",https://weworkremotely.com/company/sensic
Google Ad Strategist,Contra,Sales and Marketing,22d,"San Francisco, CA",https://weworkremotely.com/company/contra
Marketing Lead,Contra,Sales and Marketing,23d,"San Francisco, CA",https://weworkremotely.com/company/contra
Business Development Manager,Crest Industries,Sales and Marketing,22d,"Houston, Texas",https://weworkremotely.com/company/crest-industries
Senior Sales Enablement Marketing Manager,Abridge,Sales and Marketing,22d,New York City-Hybrid,https://weworkremotely.com/company/abridge
"Native English Senior SEO Specialist - Strategic & Hands-On! (Part-Time, Remote)",The Casino Wizard,Sales and Marketing,23d,Zevenbergen,https://weworkremotely.com/company/the-casino-wizard
Marketing Content Creator,The Tech Tribe,Sales and Marketing,23d,"Sydney, Australia",https://weworkremotely.com/company/the-tech-tribe
Video Editor - Legal AI,Fledge,Sales and Marketing,24d,Edinburgh,https://weworkremotely.com/company/fledge
Social Media Content Producer,Starvox Entertainment,Sales and Marketing,24d,"Toronto, Canada",https://weworkremotely.com/company/starvox-entertainment
Job Post - Performance Marketer – Google & YouTube Ads | Remote,GrowthEdge,Sales and Marketing,26d,Melbourne,https://weworkremotely.com/company/growthedge
Freelance SEO Specialist,TELL ME MORE,Sales and Marketing,27d,"San Juan, Puerto Rico",https://weworkremotely.com/company/tell-me-more
Creative Strategist - Paid Social,Enhancv,Sales and Marketing,27d,Europe,https://weworkremotely.com/company/enhancv
Digital Marketing Specialist,Maharishi Foundation International,Sales and Marketing,29d,Remote,https://weworkremotely.com/company/maharishi-foundation-international
Marketing Analyst,Anchorage Digital,Sales and Marketing,29d,United States,https://weworkremotely.com/company/anchorage-digital
Marketing Data and BI Analyst,The Timberline Group,Sales and Marketing,29d,"St. Louis, Missouri",https://weworkremotely.com/company/the-timberline-group
Sales Representative (Remote),Local Service Mastery,Sales and Marketing,30d,"Florida, USA",https://weworkremotely.com/company/local-service-mastery
Video Editor,Contra,All Other,NEW,"San Francisco, CA",https://weworkremotely.com/company/contra
Compliance Specialist,OnTheGoSystems,All Other,2d,100% remote,https://weworkremotely.com/company/onthegosystems
FT/PT Remote AI Prompt Engineering & Evaluation - Will Train,DataAnnotation.tech,All Other,4d,"New York, NY",https://weworkremotely.com/company/dataannotation-tech
Moving Estimator,Pure moving & storage inc,All Other,13d,"Los Angeles, CA USA",https://weworkremotely.com/company/pure-moving-storage-inc
Coding Tech Bootcamp - Job Guaranteed by Metana,Metana,All Other,BOOTCAMP INFO,"No coding experience required, Land a job with 1-on-1 expert support.",https://metana.io/full-stack-software-engineer-bootcamp/?utm_source=weworkremotely.com&utm_medium=homepage-ad
Senior Fullstack (MERN) Developer,Proxify AB,All Other,6d,Sweden,https://weworkremotely.com/company/proxify-ab
Senior Magento Developer,Proxify AB,All Other,6d,Sweden,https://weworkremotely.com/company/proxify-ab
Senior Sharepoint Developer,Proxify AB,All Other,6d,Sweden,https://weworkremotely.com/company/proxify-ab
Senior Microsoft PowerBI Developer,Proxify AB,All Other,6d,Sweden,https://weworkremotely.com/company/proxify-ab
Online English Teacher,Native Camp,All Other,6d,Japan,https://weworkremotely.com/company/native-camp
Director of Investments & Asset Management - Private Equity Real Estate,Walter,All Other,11d,Remote,https://weworkremotely.com/company/walter
QA Engineer,Elite Software Automation,All Other,13d,Virtual,https://weworkremotely.com/company/elite-software-automation
Freelance Writer,ProWriterSites,All Other,17d,New York,https://weworkremotely.com/company/prowritersites
Languages teachers,AE Virtual Class S.A,All Other,25d,Panama,https://weworkremotely.com/company/ae-virtual-class-s-a
"Associate Director, Engineering - Drupal Lead",Facing History & Ourselves,All Other,NEW,Facing History & Ourselves,https://weworkremotely.com/company/facing-history-ourselves
Senior iOS Engineer,"Zencastr, Inc",All Other,2d,United States,https://weworkremotely.com/company/zencastr-inc
Managing Editor,GrowthX,All Other,3d,San Francisco,https://weworkremotely.com/company/growthx
QA Engineer,Zanda Health,All Other,4d,Australia,https://weworkremotely.com/company/zanda-health
Senior Performance Test Engineer,XM,All Other,8d,Cyprus or Remote,https://weworkremotely.com/company/xm
QA Software Test Automation Engineer (Java),XM,All Other,8d,Cyprus or Remote,https://weworkremotely.com/company/xm
Software Development Engineer in Test (Python),XM,All Other,8d,Cyprus or Remote,https://weworkremotely.com/company/xm
"Technical Support Specialist (Remote) - Entry Level, No Degree Required, 15 - 18",NoGigiddy,All Other,9d,"Atlanta, Georgia",https://weworkremotely.com/company/nogigiddy
(Remote) - Virtual Assistant - 18.00 - 21.00/hour,NoGigiddy,All Other,9d,"Atlanta, Georgia",https://weworkremotely.com/company/nogigiddy
Remote Data Entry Clerk,NoGigiddy,All Other,9d,"Atlanta, Georgia",https://weworkremotely.com/company/nogigiddy
DevSecOps Engineer,XM,All Other,10d,Cyprus or Remote,https://weworkremotely.com/company/xm
Executive Personal Assistant to the CEO,ISpeedToLead,All Other,11d,"Boston, MA",https://weworkremotely.com/company/ispeedtolead
Cloud Security Engineer,XM,All Other,13d,Cyprus or Remote,https://weworkremotely.com/company/xm
Turn Your Travels Into Income – Become a Worldee Creator,Worldee,All Other,16d,Czech Republic,https://weworkremotely.com/company/worldee
QA Automation Engineer,Kodify Media Group,All Other,16d,"Barcelona, Spain",https://weworkremotely.com/company/kodify-media-group
AMR Robotics Engineer,Kanaria Tech,All Other,16d,"Shibuya, Tokyo",https://weworkremotely.com/company/kanaria-tech
Senior iOS Developer (Remote),Neybox Digital Ltd.,All Other,17d,"Limassol, Lemesós, Cyprus",https://weworkremotely.com/company/neybox-digital-ltd
✨ Talent Acquisition Specialist (f/m/d),Perspective.co,All Other,20d,Fully remote from Europe,https://weworkremotely.com/company/perspective-co
Executive Assistant (Client Advocate),Hey Girl Friday,All Other,20d,Remote,https://weworkremotely.com/company/hey-girl-friday
Virtual Assistant,"The Lawgical Firm, P.A.",All Other,22d,"Orlando, FL",https://weworkremotely.com/company/the-lawgical-firm-p-a
Short Form Video Editor,Contra,All Other,23d,"San Francisco, CA",https://weworkremotely.com/company/contra
WordPress Developer/Technical Writer,Soflyy,All Other,24d,The Internet,https://weworkremotely.com/company/soflyy
Data Entry Specialist,Alfanoos International Ltd,All Other,24d,Saudi Arabia,https://weworkremotely.com/company/alfanoos-international-ltd
"Remote Executive Assistant (10 hrs/week, U.S. Timezones Only)",ARC Executive Desk (Private Client),All Other,25d,"Delray Beach, Florida",https://weworkremotely.com/company/arc-executive-desk-private-client
"Remote Paralegal – VIDEO INTERVIEW REQUIRED (50–60 hrs/week | $1,200–$1,800/mo)",EF LAW FIRM,All Other,26d,"AUSTIN, TX",https://weworkremotely.com/company/ef-law-firm
Client Implementations Data Solutions Architect,Subscript,All Other,26d,"Oakland, California, United States",https://weworkremotely.com/company/subscript
Student Representatives,EDUopinions,All Other,29d,Andorra,https://weworkremotely.com/company/eduopinions
Bilingual Recruiter - Remote,Magic Inc.,All Other,29d,Magic Inc.,https://weworkremotely.com/company/magic-inc
